target,F1,F2,F3,F4,F5,F6
2.0,0.36237861,0.40731731,1.4506276,1.3923199,2.0426412,0.2173657
1.0,-0.88970441,-0.43419283,0.0035692516,0.86186725,-0.56188276,0.017402841
2.0,0.81874473,-0.16674459,0.47184312,-0.80717778,1.2236444,0.29249395
2.0,0.44609015,1.2205907,2.1974942,0.68863467,0.73138017,0.025719011
2.0,-1.2121582,-0.637146,-0.17924998,1.5728493,-0.20910793,0.26594622
2.0,1.0765007,1.0949965,0.92829601,-1.4073427,-0.31705045,-0.57947013
2.0,1.0431157,-0.75696665,-0.46156155,-1.1043894,2.0783136,1.3817988
2.0,0.76000003,0.68854666,0.35051884,-0.0070980696,-0.80330015,1.5739218
2.0,-0.66631325,0.17509582,0.2306486,-0.65312128,1.5437232,-0.24146622
2.0,-0.30197682,-0.83601279,-0.016645869,0.71663445,0.19519622,0.83288502
2.0,1.1925782,1.124857,-0.77827044,0.86294844,-2.2974918,1.1016426
2.0,-1.798408,-1.9573658,-0.93362662,-0.267012,1.256265,-0.58243637
2.0,0.98920459,2.0386946,1.3429891,0.21910942,-1.468431,-0.73931093
2.0,-0.94280212,0.18745681,-0.20361524,-0.42674117,-0.60321897,-0.92083281
2.0,0.34163994,2.0884075,-0.59547493,-0.79568467,0.9414175,0.77438191
2.0,-0.68350474,0.13471861,0.37560611,1.3427535,-1.0656717,-0.83633232
2.0,-0.29142731,0.17139963,0.27463081,2.3150306,0.128797,0.17623029
1.0,1.6388567,0.36278536,-1.0449297,0.41454899,0.99803602,-1.7681018
1.0,-0.87507345,-0.14074303,-0.62945804,0.85897552,-0.27826873,-0.96411368
1.0,-0.60863349,0.37619321,1.6791111,0.086393189,-0.57922891,0.061086065
2.0,0.51444384,-0.67774463,-1.1216454,-1.0601823,-0.35713478,-0.63468947
1.0,0.0019721342,-0.53361166,-2.5042861,0.53015989,1.6127036,1.3024574
1.0,0.70664658,0.17987876,0.24312194,0.53027728,-0.32749546,-0.019519421
2.0,-0.57216332,0.54379469,0.58308749,1.0599651,0.29550795,-0.63057942
2.0,-0.73877885,0.24818107,0.48449278,-0.22018536,-0.39874272,-0.90807614
2.0,-0.99725263,0.41764292,0.36070912,1.8671262,-0.16507728,1.028201
1.0,-0.052782085,-0.20464822,1.7944198,0.60396305,-0.87989117,-0.80900842
2.0,0.15586345,-0.52174691,1.3917947,1.2620019,-0.30599886,1.7781927
2.0,-2.0068819,0.82259288,-0.74825144,-1.2668685,0.36653315,-0.017356619
2.0,0.18182272,-0.16975817,-0.31715886,-0.78398124,-1.5972074,-1.0567402
2.0,0.4919025,1.1615877,-0.28581565,0.28760651,0.74297835,-0.07761793
2.0,0.76136297,0.3683642,0.20722092,-0.5064882,1.1938488,-0.18943951
2.0,0.26020947,-0.27127747,-1.1532295,1.0582417,0.88651343,1.3696835
2.0,-0.43694995,1.0407724,0.55538429,0.75026159,2.2721142,-0.50850356
2.0,0.78443977,-2.4533457,0.10363158,-0.068827234,-0.070340755,0.66084067
2.0,0.51646167,-1.0920665,-0.55181268,2.2941807,0.72956222,0.29755255
2.0,-0.060237967,1.2951036,0.55094986,-0.66406969,-0.83286498,-1.0852025
2.0,0.027098574,-0.30796229,-0.60652841,-0.37099018,1.3855096,1.1026799
2.0,1.7082667,-0.85989671,0.72291983,-1.1853947,1.097423,0.37945391
2.0,-0.03297195,-0.28384928,-0.87078192,1.23573,-0.097147683,0.17975497
1.0,-0.37852843,-0.27660232,-1.7732746,0.71519779,-0.13923468,0.67851313
2.0,3.0590798,-1.1900015,-0.54067564,-1.3714914,-0.83381485,0.28450522
2.0,0.52749311,1.4932083,0.81005416,-0.020600817,-0.63417485,0.84029777
1.0,-0.5080132,-0.23466033,0.5264975,0.057288837,-0.27237741,1.1962096
2.0,0.27879563,0.82791584,0.63849855,-0.11894576,0.8254308,-0.45364374
2.0,0.60062037,0.35664492,0.7224503,-0.91117446,-0.20622969,0.85928657
2.0,-0.99804631,-0.79997017,-2.0705835,-0.7900644,0.18335863,1.0755792
1.0,0.67962165,-0.86757196,2.5688643,0.12739416,0.35089423,0.22364567
1.0,-0.44819828,-0.52349893,-0.079204355,0.49013702,-0.45730619,-1.4551472
1.0,-0.41394373,0.29409704,-0.69848057,0.3667186,-1.2480501,-2.0054989
2.0,0.85594168,0.75629306,-0.73847147,1.2902265,-1.0429285,-1.4702054
2.0,1.555186,-0.073432818,-1.3911935,1.4727342,0.52695386,0.053050029
1.0,0.54457516,-0.21139963,0.33532671,0.15401036,1.2189804,-2.2121138
1.0,-1.805072,0.88384391,0.86307827,0.066112032,0.003599003,-0.79588559
1.0,1.281667,0.22800433,-1.2134896,0.35525698,-0.42395918,-0.52811189
2.0,2.5468109,0.99443524,-1.3798578,0.44480617,-0.099407897,0.96479096
2.0,0.91817503,0.49612129,-0.4944233,-1.0326473,0.88210629,0.8257628
1.0,0.51608641,0.2339213,-0.02808926,0.29326606,1.767962,1.1007606
1.0,-1.1361108,0.027780443,-2.4482451,0.27230287,-1.2797778,-1.4847115
2.0,0.0094439567,1.4179858,-1.0701031,-0.59091428,1.583904,1.4706599
2.0,2.2112118,0.57663163,-0.41547278,-0.40645412,0.18963616,-0.59841702
2.0,0.14003669,-1.6587195,0.56710831,0.085320938,-2.310585,0.12510519
2.0,2.0111537,-0.49652408,-0.25505432,-0.92736485,0.27378585,-1.8626031
1.0,0.018708402,0.47389732,-1.3976745,0.73190295,0.13552191,0.59736869
2.0,1.118764,-1.9423195,0.48309483,0.39567139,0.071817007,-0.0070215737
2.0,0.057935637,-1.8128608,0.16224258,-0.43438966,0.57418945,0.31609278
2.0,2.1057525,0.051909592,0.85741782,-0.93018122,2.1206566,-1.8098989
2.0,0.76749741,1.586784,1.1008503,-0.41029983,0.2486609,-0.47978624
2.0,-0.14405305,-0.49327794,0.061258714,-0.13193179,-0.45804572,1.3476548
2.0,1.5239866,0.063588703,-0.18495269,2.0944039,0.010116791,-0.04393004
2.0,0.62001114,-0.38358038,0.64799048,-1.2926592,1.0603797,0.94453406
2.0,0.31559103,1.3509783,-1.510999,-1.6753285,-1.2834994,0.88888106
2.0,-0.79733665,1.3612811,1.311624,1.300678,-0.84370237,0.64794572
2.0,1.7234992,0.81036636,1.0160498,1.733448,-0.50372185,1.2388541
2.0,-0.51627586,1.3994068,-1.6090338,-0.61243795,1.3700754,-1.4559959
2.0,-0.64098041,-0.90636739,-1.4138476,0.46398652,-0.21477209,0.81423201
2.0,0.76821022,0.76408161,-0.28274308,1.3098656,-0.16608772,-0.89558736
1.0,0.66431068,0.12201291,0.1875219,0.50736788,-0.69464731,1.2194777
2.0,0.75574719,1.2612742,-0.15610343,0.12435967,1.8354493,-1.0768064
1.0,1.6730226,0.50754856,-1.1412716,0.30603885,-1.6076173,0.48517458
2.0,-1.0031971,-2.5387548,-1.2120074,-0.015447555,-0.67738235,-0.71807575
2.0,0.13828598,1.7957493,1.548415,-0.20858362,0.11813622,-0.15643087
2.0,-1.4440504,1.1177121,0.17564499,0.27216091,0.27006135,0.049605565
2.0,-0.23999461,1.1142869,0.33463551,0.12444625,-1.2565415,-0.063185515
2.0,1.2329399,-0.26432061,1.3055921,-0.47737971,1.6787047,0.33872018
2.0,-0.51172771,0.9431699,0.63206691,0.94721583,1.1929205,0.18680901
2.0,-0.71291638,-0.36565626,0.87482886,-0.19618058,-0.1456552,-1.4060851
2.0,0.50611482,0.99386206,0.30165873,0.86632305,-0.74565974,-0.45956105
2.0,-1.477406,0.19519424,0.39945717,1.0061377,0.067899378,1.4721558
2.0,-0.49907072,0.90560235,1.5612337,-1.4448051,0.55806103,-0.89969748
2.0,1.2674145,-0.23610354,-0.74360994,-0.65032274,-1.2820145,-0.41408932
2.0,-0.71318944,-0.47774994,1.5158037,-0.64166496,0.14468727,1.0049548
2.0,-1.4892512,-0.58786226,0.24323379,0.91982773,-0.29025499,-0.097893067
2.0,-0.34633848,-1.2738491,-0.21226614,1.503769,-0.38931016,-1.7218487
2.0,-0.68364193,0.77604349,0.6870071,-1.0502625,1.0650716,-0.16697966
1.0,0.6153965,-0.45445178,0.43106701,0.60454975,-1.1137194,0.70938104
2.0,1.0410912,2.4414458,-0.87250569,0.69670092,2.1101081,-1.6705625
2.0,-0.41146654,-0.37822769,0.65267486,2.6101497,1.3257466,-0.68087904
2.0,2.5302145,0.78073362,0.51282274,0.25685891,-0.095539825,-0.50532083
1.0,-1.3602957,0.37981977,1.1804179,0.060266709,0.45247681,-0.72265511
2.0,1.2698507,1.5061796,1.7661787,-0.3974951,0.16777435,-1.8193782
2.0,1.0698992,-0.058789504,-0.46886504,1.7750461,-0.50717909,2.0257907
2.0,1.6714398,1.9942682,-0.40457069,-1.5209855,-0.7839215,0.93206187
1.0,-0.41899096,-0.12495636,-0.17529897,0.5950727,-0.91357409,-2.1481829
1.0,-1.1594598,0.38285137,0.65750164,0.75091181,-2.043188,-0.33936538
1.0,1.3064707,0.11892016,-0.5510602,0.34779915,0.13681298,-0.39827549
2.0,-0.6009171,-0.90371398,-0.33859209,-0.82404449,-1.8111276,-0.49765536
1.0,-0.8751194,-0.70306871,0.40664836,0.33746409,-0.48110326,-0.008195272
2.0,-0.46002141,-0.64913993,0.47392064,-0.018905076,-1.4705468,0.38443202
2.0,0.21561471,0.85548016,-1.3572926,-0.48916559,1.6994565,2.1271946
2.0,-1.9209478,1.103287,-0.32905727,0.88174213,-1.2098172,0.56393013
2.0,2.1264654,0.021160191,-0.59186257,0.041157123,-0.20979807,-1.0046738
2.0,-0.047135257,1.5440798,0.26526365,-0.53560437,-0.50708763,0.22206465
2.0,1.0063138,-0.032003949,-1.5184612,-0.2326742,-0.13542469,0.6012236
2.0,-1.1975279,-1.5290919,2.2343807,-0.17686541,2.3464893,-1.3884994
2.0,-2.2559075,-0.76818009,0.36174892,-1.593547,0.52959624,-1.4755015
1.0,-0.13942737,-0.11263675,0.51481588,0.73946818,-0.40153687,-0.17563034
2.0,-0.8141151,1.835128,-0.66585302,0.54837905,1.3682268,-0.27170497
2.0,-1.1274434,0.53619913,0.056908312,1.4656935,-0.79633895,0.840713
1.0,0.18438176,-0.36023721,0.53812873,0.28164535,-0.46608931,0.13796164
2.0,-0.82972546,0.89058281,-1.487018,1.3566096,-1.2886364,-1.4435156
2.0,0.82170913,-0.38788506,-1.1052443,-0.76675255,-1.0127309,0.12658695
2.0,1.9164046,-1.7501756,-0.0036525267,0.71886853,1.1535505,0.96240483
2.0,-0.37136695,0.51424743,-1.9576312,-0.6486797,-0.78716736,0.15067901
2.0,-0.56479395,1.5522735,-0.20379703,-1.9586106,0.17413035,-1.0181406
1.0,0.86896612,0.1094723,1.4773717,0.22249859,-0.96627819,-0.61029897
1.0,1.5284886,0.24187106,0.61190345,0.54341612,0.28392929,0.56906014
1.0,-1.9497603,-0.7384349,0.96241643,0.21858412,-0.12125738,-0.71751962
2.0,-1.4974969,0.79459054,1.2672167,-1.7400788,0.20077828,1.2756861
2.0,-0.54467598,-0.13302586,-0.094328601,-1.8387978,2.5323914,1.2060477
2.0,1.4290397,-0.28525125,0.41497123,-0.085463539,-0.012883656,-0.005131117
2.0,0.77745026,0.77687387,-2.0077859,0.80474043,-1.0469577,-0.29798137
2.0,0.52678675,0.48456907,-0.10118536,-0.24562388,-0.37329968,-2.2287863
2.0,0.058566203,-1.1845053,2.0481585,-0.64636251,-1.3724644,0.39856159
2.0,-0.90018298,1.6476167,0.21746481,2.4477284,-2.5904629,0.27333181
1.0,-1.1530626,-0.028285041,0.59561971,0.13131156,-0.80037795,0.57710464
2.0,-1.2820362,0.5887486,-0.64494578,-1.4952708,-0.59746337,0.97104876
2.0,0.52903128,0.18194301,1.0383544,-0.94291965,1.6124728,1.438968
2.0,1.4807478,0.72410125,1.5934129,-1.2903082,1.1769894,0.90097954
1.0,1.3950072,0.51122872,3.4945528,0.37694802,-0.14164197,0.7815579
2.0,-1.1600786,1.1714093,-0.92039718,0.85130079,1.0076654,1.4745878
2.0,-1.6877215,3.358261,-0.18790006,0.53270719,1.8691593,-0.95007417
2.0,-2.3639398,-0.72724259,-0.21184249,-0.6111518,0.072470136,1.408514
2.0,0.17564178,1.6445147,0.12461951,0.34539573,0.05948455,0.63797976
2.0,0.54982676,-0.011113945,0.21751993,-0.28342331,-0.50290449,0.25221304
2.0,0.7201621,0.56358338,-0.80784483,-0.83740643,0.76019611,-0.22989119
2.0,-1.5361628,1.341555,0.65223573,0.30479776,2.6979311,-3.0588128
2.0,0.71344638,0.65162596,-0.43261009,-0.97093541,-0.19270083,1.2556502
2.0,0.75922095,-1.1729225,0.15315612,0.35649362,-0.32444758,-0.067511737
1.0,0.1216976,0.58023822,0.051956253,0.095402027,-0.47252411,0.84107778
2.0,-0.13133617,-0.39705157,-0.19723392,-1.9612961,0.40090501,0.68996596
2.0,-1.0782112,1.1945119,-1.3272581,-0.019149381,-0.091118328,-0.52992076
2.0,-1.7222548,-0.74828154,-0.71494428,-0.78810414,-0.5338018,-0.27623002
2.0,-0.56242091,-0.88013152,0.73821738,-0.85777538,0.51508512,1.4833777
2.0,-0.22729227,-2.3909492,-0.32064962,-0.97499174,-0.030875039,0.051791912
2.0,-0.80594539,-2.3247803,0.52379675,-0.77343643,2.1349749,1.389034
2.0,-0.88497508,-0.80094888,1.4699478,-0.40716563,-1.0228786,0.66420516
2.0,-0.83023405,0.44232161,1.1848775,-0.40764135,1.3713415,0.027200983
2.0,1.531064,1.1660668,1.5147091,0.85847006,0.4596147,0.38428132
2.0,0.80327271,-0.59068055,0.65261348,1.0866893,0.79199866,-0.2068927
2.0,-0.38281974,2.3388384,0.62031186,-0.31622233,-0.69372521,-0.32039016
2.0,-2.0607071,0.48695561,-1.4694206,1.1618277,0.44155671,0.22196313
2.0,-0.26905776,2.0653609,-0.090842927,1.2558281,-0.018216555,-0.015488077
2.0,-1.5949841,0.27426684,0.83001353,1.7545874,0.49623937,0.82343626
2.0,-2.4290649,-0.4760687,-0.53633502,1.2398648,0.46494346,-0.14455722
2.0,-0.78022799,-0.46011439,-0.23229631,-0.95432998,0.12131939,1.273733
2.0,-0.16921993,0.77648585,-0.65003221,-1.4962789,-0.43500457,-0.68022571
1.0,0.17727396,-0.77929627,-0.10569701,0.40167015,0.12415949,0.60346054
2.0,0.079394941,0.87983256,-0.0055371273,-0.02942187,-2.2206545,-1.602006
2.0,1.432882,-2.5242495,0.5351006,-0.51102922,1.8289935,-0.93705486
1.0,0.56029241,0.6017439,0.6333882,0.26904501,0.08794096,-0.37919387
1.0,0.22904199,-0.9584908,-1.8951576,0.16632824,0.26459662,-0.3744903
2.0,-0.49242149,-1.3301565,0.58972037,0.059111666,2.7778197,0.47459306
2.0,0.17255362,-1.358867,-0.18301461,-0.42076006,0.46812316,-0.25454575
2.0,-0.2841828,-0.50567305,0.9038493,-0.20896592,-0.92760952,-1.2423854
2.0,-0.35813389,0.59261739,-0.82253685,-0.138555,0.74018417,0.95024713
2.0,0.42732705,1.6454932,0.72266222,0.579456,-0.022893628,0.85934559
2.0,0.88728935,-2.6975462,-0.48105569,2.4992442,0.68996933,-1.454793
1.0,-0.18471707,-0.45018675,-1.3613479,0.53631894,-0.74118731,-1.2429921
2.0,-0.61051265,0.68757382,-1.2067244,0.72740639,0.67154638,-0.63125768
2.0,-0.50493858,-0.29562349,0.81886314,-1.2525794,-2.2581454,0.35127373
2.0,-0.58888675,0.70090953,0.84602048,1.0590186,-1.2040254,0.38125952
2.0,1.5022916,0.79881128,0.34528171,-1.994639,2.3055998,-0.68687668
1.0,0.5777757,-0.016387161,-0.83855893,0.92012322,-0.35461622,-1.1261352
2.0,0.98762008,0.95159033,-0.37095399,0.91759512,0.47029254,0.82568473
2.0,0.80118706,-1.0683013,0.34883211,-0.26890989,0.84760739,-0.74744995
2.0,0.85631922,-0.017036567,0.057099672,-0.18912212,0.22244929,-1.3625964
2.0,0.27362314,0.27259787,0.53594409,-0.22642539,-1.0040384,-0.49640692
1.0,-0.66346751,0.48339412,0.98554435,0.37678562,0.72805799,0.11474528
1.0,0.17216952,-0.59612784,0.43436836,0.73346031,-0.9517426,-0.48394746
2.0,0.13221248,0.71175847,0.95888113,-1.522997,0.87711026,-0.022089939
2.0,0.1399856,0.17531501,-0.75861255,1.5752624,0.79566415,0.75010505
2.0,0.44682517,0.11247658,0.10354353,-0.360922,-0.72705607,-0.38959092
2.0,0.95308319,2.0666973,1.227115,1.8451306,1.2114547,0.79640594
2.0,-0.6598337,1.0436031,-0.08224997,-1.6211658,-0.1939899,0.14332306
2.0,-0.59163434,-0.35175384,-0.15598638,1.006933,0.8154601,0.18010231
2.0,-0.57259482,1.6475805,0.45999183,0.19614767,-0.90227495,-1.3756731
2.0,1.1056164,-0.57266361,-1.5410147,1.9062965,1.6448042,0.79495237
2.0,-0.27323535,-0.73050552,-0.088598142,-0.54845539,0.22321448,-1.6138845
2.0,0.86763111,-1.4764728,-0.17983924,-2.3623875,1.2691127,0.3452083
1.0,-0.39945098,-0.70797546,0.13870318,0.5829248,-1.1018287,-0.37105784
2.0,-0.16103413,0.019742496,-0.79445898,-1.4059959,1.1908573,0.4710524
2.0,1.6032986,1.1736108,-1.1605832,-0.24065669,0.96957591,-0.42332269
1.0,-1.6074192,0.20335911,1.4589273,0.19562207,1.0240969,0.018343715
2.0,-0.94569708,-0.45766008,-1.1816604,-1.3066754,0.86602971,-0.10124579
2.0,-1.1017438,0.75228536,1.925878,1.3047492,1.2923122,-0.96823989
2.0,-0.40745189,0.6829717,-0.80463521,2.3960891,-0.14935577,1.2722618
2.0,-0.15226953,-0.82149089,-0.092740662,1.6932714,0.41253813,0.74698921
1.0,-1.0015607,-0.82228775,-0.92287179,0.56398961,-0.5933546,1.8080086
2.0,0.029993254,0.94527021,0.8590458,1.6161081,-0.80861729,-0.48997938
1.0,0.86901982,0.65018883,-2.1322751,0.7279648,0.39235913,-0.77008904
2.0,-1.0855245,-0.22664784,0.73409182,-1.0395933,0.79711903,1.087554
2.0,-0.43715795,-0.76589401,-0.24570233,1.2082272,1.743479,-1.9431926
2.0,-1.7159548,0.98664419,-1.0640136,-0.47723537,0.77938909,1.2823983
2.0,0.22625198,-0.86158319,-0.21133645,-0.7784068,0.36409635,-0.65593785
2.0,2.4926712,1.4280074,0.53240862,0.46732547,-0.41736673,-1.178394
2.0,-0.74395962,0.5521577,0.3060662,-0.96635814,-0.0094302604,-1.7719857
2.0,-1.6801102,-1.3059796,-1.1789967,-0.26937398,-1.1210248,0.014002685
2.0,0.096427647,-1.8432761,-0.90204385,-1.6401273,-0.23231484,-1.0676265
2.0,-1.5208715,-1.6802494,0.42425804,1.3725188,0.29812501,-1.0066799
1.0,0.89241628,-0.81540288,-1.2206621,0.46214171,1.7214186,0.22888856
2.0,0.64809885,1.1157674,1.5958376,0.74466351,1.1190315,-1.3903507
2.0,1.1534598,1.851796,-1.3830457,0.25370872,-0.65384873,0.79491593
2.0,-0.73402682,0.89994666,-1.9625593,0.4369268,-1.0213109,1.6098607
2.0,1.2659099,0.98251883,-1.6032389,0.31332306,0.57602046,1.3189861
2.0,-1.3978152,0.47964559,0.68985901,-1.5980753,0.18352066,-0.53130111
2.0,-0.36796428,0.023635685,0.077085659,1.2606509,0.41995516,2.0305944
2.0,-1.3094497,-0.87995418,-0.11511249,-1.4093596,0.79820038,0.50398364
1.0,1.2561201,0.10432782,1.7937848,0.98163392,-0.54683743,0.68022265
2.0,-1.2634641,-0.67655139,-0.58520872,0.99455162,0.13652128,-0.13617695
2.0,1.555332,-0.5178461,-0.88325383,-1.3723912,0.15652934,0.63290701
2.0,-1.3272495,-1.8938114,-1.4545742,0.60145739,0.79686512,1.6898368
2.0,-0.90102597,1.2190161,-0.078038753,0.28386723,0.78941277,0.41649515
2.0,0.030045389,1.2913065,0.2999728,-0.33836316,-0.14247479,0.99273984
2.0,-0.085810287,-0.92479165,0.17634542,-0.59612642,0.070852991,0.53035864
1.0,0.25905506,-0.4926235,-0.41447108,0.57554258,0.30956752,-1.2668302
2.0,0.15800913,-1.3301343,0.020053139,0.70467624,0.96713289,0.81360224
2.0,-0.43450608,1.5366508,-0.97214934,-0.8883384,-1.9181628,1.7904862
1.0,1.2955022,0.33727615,1.3357911,0.37434766,0.8110372,-0.45787074
2.0,0.69141818,0.12916016,-0.58966794,-1.353682,-0.75553316,1.0878892
2.0,0.75319597,-1.1049912,0.31449929,0.72677921,-0.81222534,0.50770027
2.0,-1.3059084,0.32738436,-0.045969757,-0.25852063,0.18371449,-0.19379548
2.0,1.3852273,-0.22825361,1.0672062,1.7233018,1.5173816,-0.018374241
2.0,-2.4261209,-1.5476289,1.6621819,-0.81747953,0.66018457,-0.48462209
2.0,1.5281296,0.11852737,-0.32986402,-0.036257142,0.1565527,-0.94702108
1.0,-1.1531055,0.051481235,0.72230179,0.24838407,-0.50601148,-0.17318354
2.0,-0.93544741,-1.258243,-1.2708271,-0.19525592,-0.34503188,0.39349229
1.0,-1.63947,0.69059741,-0.58086462,0.44812647,1.2119971,-0.32136251
2.0,0.29405838,0.47575689,0.52763655,-1.9381358,0.28196333,1.4540456
2.0,2.4619675,-1.6431453,-0.20132529,1.3309364,0.66602557,-0.50466172
2.0,-1.1122863,-0.7687594,0.28275956,-1.9279531,-0.5532939,2.304244
1.0,-0.27713663,-0.62696036,-0.38253807,0.33653329,-0.13510268,-0.67674741
1.0,1.196143,-0.87927446,-1.4260108,0.44435798,0.5098409,2.4174682
2.0,-1.028065,-0.37724262,-2.6556566,-1.0067884,1.7758537,0.93125086
2.0,-0.64384725,-0.53462686,0.9945147,-1.0884804,-1.0759521,-0.75307192
2.0,-0.030922814,0.59173829,-0.16699856,-0.29503181,-1.2305446,1.7658456
2.0,0.26779812,0.023199329,-0.68792988,-1.9276423,-1.4043753,1.26779
2.0,-0.10369864,-0.12347651,0.61081641,-1.5490275,-1.5444903,-0.20055097
1.0,0.056241541,-0.030835651,-1.4712299,0.026504022,0.57721772,-0.63715917
2.0,-0.067489472,-0.40882729,0.41213088,-0.98810669,-0.421497,-0.16520115
2.0,0.032613268,-0.30783412,1.4030798,-0.08695757,-0.079557935,-0.68318502
2.0,-0.69048436,0.27054253,0.0059623169,-0.47017406,0.68419425,-0.38752093
2.0,-0.18730513,0.55588691,0.44629181,-0.59472651,-1.864293,-0.44941177
2.0,0.60440781,0.75508249,-0.59702596,-0.8073027,0.53734205,-0.38958418
2.0,1.4858066,-2.4623515,-1.2952591,0.99978062,-1.4193268,0.72159879
2.0,1.3204164,-2.2684535,-1.7112746,1.1489897,-2.414805,-1.4133438
2.0,-0.035384189,-0.75603008,1.2686089,0.97495583,-0.38135656,-0.64221827
2.0,-0.36910655,1.4337641,-0.33874111,1.0319822,0.03002463,-0.12190346
1.0,-1.1174655,0.37583444,0.84063726,0.44370379,-0.18384896,0.95244627
2.0,1.5905066,-2.2479187,0.44289617,-0.61265724,-1.4269802,-0.75551572
2.0,-1.0478722,0.095593896,0.1426577,-0.29679881,-0.59644427,-0.56916342
2.0,0.98742344,-1.954578,0.034950758,-0.96277132,-0.16385304,-0.20235305
2.0,1.0082941,0.70694747,0.14405975,-0.3224939,0.22799495,-0.25121788
2.0,-0.008403245,-0.60235837,1.3900429,-1.770097,-0.069681655,-0.17337647
2.0,0.026182687,-0.51494164,-0.4398995,2.2350694,-1.1602865,0.34098712
1.0,-0.44687096,-0.78674346,0.88602386,0.20339081,-0.39389683,2.7052088
2.0,0.60305098,-0.23093481,0.10867735,-1.4358923,-0.29888371,1.1813545
2.0,-0.60655152,0.027272178,0.11456009,-1.2109712,-0.21734917,1.0007426
2.0,0.25896672,0.24129405,0.17568247,-0.83361852,1.2297569,-0.043127768
1.0,-0.72521015,-0.20589228,0.009864706,0.61116112,2.712629,0.61069274
2.0,-0.22999712,-1.4414268,2.8755784,0.082421611,1.5644962,1.4219344
2.0,-1.9677028,-0.88279268,0.06547433,-0.21183933,1.1116429,-0.85893125
2.0,-0.4431088,-0.52512089,2.2914169,2.4570991,1.4269235,0.46180172
2.0,0.24155828,1.2459646,0.28013938,-1.4499204,-0.65548549,1.2615542
2.0,0.1269162,-0.085750083,-0.35178606,-2.4202518,0.77865704,0.60653689
2.0,0.11303609,1.1839462,0.77353741,0.02044259,1.0824482,1.1029994
2.0,-1.0691976,-0.83998795,-1.4290918,0.6631723,-0.19052677,0.3414932
2.0,0.049841139,0.67127055,0.79245249,1.6169992,-0.71855644,0.58616927
1.0,1.6467556,0.34892328,0.25878041,0.21628577,-1.647181,-0.72387576
2.0,0.7018679,1.1149549,-1.1323777,-0.13834598,-0.13624302,-0.51455939
1.0,-0.069154121,-0.48237104,-1.0421231,0.20217547,-0.67041113,1.5988674
2.0,0.88298595,1.0903727,0.26943358,-1.2813046,-1.9060635,-0.52604758
2.0,0.36934405,-1.0738897,0.096328246,-1.2813275,0.4879067,2.241825
2.0,-0.1277484,0.55177871,0.42008745,-0.80180402,-1.0990719,1.3004698
2.0,1.5877778,-0.13605414,3.1433263,-0.36551057,-0.10862876,2.1260837
2.0,1.2972708,0.99816335,-0.18667773,1.3968736,-1.0510438,-0.5640553
2.0,-0.31345208,-0.72349733,0.29057878,-0.16026077,-0.55061332,0.59716604
2.0,-0.60536807,0.26815508,-0.48822314,-1.3979414,-0.14943138,0.05807397
2.0,0.24676314,-1.3933816,0.52012733,0.380465,-0.71459231,-1.1979729
2.0,-0.031869579,-0.72553239,-1.9451787,-1.0361062,1.0073249,-1.0716563
2.0,0.02165862,0.33871233,1.4118608,-0.74100125,1.2903798,0.18693601
2.0,-0.80582657,-0.68436725,0.046449354,-1.7105389,-0.14920617,0.78075343
2.0,-1.8162394,1.6448043,-0.053158675,-0.32465989,-0.53966707,0.89958848
2.0,-1.6322271,0.20115901,-0.28663459,-0.28760164,-0.97293707,0.27610529
2.0,-0.14430809,0.58796073,0.94709898,-1.2730272,-0.38329028,-0.13661929
2.0,-0.89764856,0.34362717,1.1301902,-0.37112236,1.874807,1.3255435
2.0,-0.80911179,-0.41724924,-0.84857259,-0.018095512,-0.82068449,0.26460444
2.0,-1.483346,0.087286784,-0.25292878,-0.48038206,1.2663938,-0.63236807
2.0,-0.5919336,0.019707259,0.13914887,2.1705515,-0.49747331,-2.6258713
2.0,0.95399349,0.120127,0.57868729,1.0987574,-0.023457077,-0.86923135
2.0,-0.6058118,0.45635715,0.25390012,-1.3080705,0.86895241,1.1132675
1.0,0.63135933,0.16887144,-0.40988677,0.81136699,-0.27537613,-0.39897051
2.0,1.15168,0.146051,-0.81417174,1.7304454,0.30661628,0.78694265
2.0,0.26242294,0.92613129,-0.37527481,-0.36952076,-3.0498663,-0.43680138
1.0,0.11357067,0.73587782,0.48265911,0.57742542,-1.3105482,-0.089952464
1.0,-0.15103344,-0.024237214,-1.6337628,0.051313132,0.80683027,1.0071641
1.0,0.62748011,0.64787516,0.42258366,0.19893024,-2.2834891,0.12648743
1.0,-0.95750116,-0.56592503,1.0079325,0.40718276,0.59915905,1.7113213
1.0,1.4725746,-0.46726019,-0.64246465,0.21537283,-0.37763049,1.8794101
1.0,1.0517829,0.78029492,0.709011,0.27655174,-1.4136095,0.38205912
2.0,-1.2134843,1.3390176,1.1162744,0.89866639,-0.57085201,0.30458036
2.0,0.19827516,-0.81134556,-1.3372048,1.7080493,0.081930894,-0.39518993
2.0,-0.057912533,-0.25875762,0.074478553,1.2680668,-0.36712861,-1.3164697
1.0,-0.087058792,0.7399266,-0.091724492,0.29451396,1.7748719,0.89748419
2.0,0.59495785,-0.46533334,-0.70514129,-0.21925847,1.0413407,0.96452973
2.0,0.5022678,-0.67438309,-2.4618864,-1.1615381,1.3399561,0.91786052
2.0,-0.12584917,-0.7599687,-0.44278815,-0.42317916,-0.073725719,0.037576095
2.0,0.26751347,-0.5160292,-1.4627297,-1.8292403,-0.27248781,0.54958622
2.0,-0.10653432,1.0461785,-0.11284513,-1.999874,-0.42739562,-0.67263575
2.0,-0.095450259,1.5794791,-0.015814896,-0.03984279,-1.1814295,-1.4389906
2.0,0.18188857,-0.68119518,0.84156935,2.4774491,1.0236838,-0.3193041
2.0,1.3058426,-0.27885301,0.93112077,-0.32063518,-0.26344614,-1.2898131
2.0,-0.25755624,-1.1416731,0.37366701,-0.80232018,-0.1953169,0.45225378
2.0,1.0697041,1.1068188,-0.58745006,2.5817075,0.40154894,-1.2351888
2.0,0.92116547,-1.5685633,-0.97440058,0.46841536,-0.77377765,0.90343068
2.0,0.58768881,1.9931424,0.48147134,0.34080936,0.75845199,-1.0993937
2.0,0.64834664,1.6676833,0.45745995,-0.44366662,1.9034398,-1.0345739
2.0,1.0205302,2.3673586,1.0871512,1.1082897,0.55132532,0.030583398
2.0,-0.74189084,-0.93536352,-0.20103417,1.9037734,1.4717381,-0.95665661
2.0,0.63296174,-0.63263788,0.18578497,1.554361,0.75037017,0.54603365
1.0,0.02723541,0.56923215,-0.45961698,0.44086857,0.71595655,0.87397172
2.0,0.68262137,-1.2442903,-0.2728532,-1.5691886,-1.056471,0.35891332
2.0,-0.47827434,1.0487926,0.23550351,-0.70701281,0.40294096,-0.58601562
2.0,0.31087396,-0.86084594,-2.9380228,0.77882381,1.7542699,0.2804656
2.0,0.64613078,0.13640859,-0.76800808,1.0304477,-0.44701955,-0.66203134
2.0,0.004743378,-1.2470251,-0.23104658,-0.66083294,-0.64048493,-0.099732985
2.0,-0.13118279,1.2776059,0.87325217,-1.3897725,-0.46944694,0.5475732
1.0,-1.3963478,0.29783119,-1.3169099,0.57251383,1.1372231,-0.11437627
1.0,-0.15629827,-0.10372098,2.0751578,0.86175183,-1.7914803,-0.098510936
2.0,-0.91264798,-1.2824312,-0.51425921,-0.48896329,-0.10077613,-0.26060367
2.0,2.6229337,0.0904191,-0.18154571,1.0569901,1.8095493,0.16290523
1.0,0.99538522,-0.16421692,1.7212409,0.91496447,-1.0511668,0.57864854
2.0,-0.15077359,0.083433244,0.55235725,-0.46275701,-1.4510213,0.78330229
2.0,0.96395584,0.37956441,1.7901833,1.3710099,0.90696255,-1.8223822
2.0,-1.412038,0.57215307,0.15872557,-0.11716172,0.42000145,1.4986056
2.0,0.18645218,-1.3866764,0.6682801,0.35973206,-0.30479937,0.38888296
2.0,0.86543407,0.50114403,0.49794227,-0.04997376,1.0457373,-1.4283079
1.0,0.068892538,0.44291262,-0.71431697,0.24379737,0.19022161,-1.5037089
1.0,0.86735868,-0.25911173,0.035034529,0.48106536,-1.1230383,-0.25415743
2.0,-0.64579911,0.65310724,-1.103977,1.1963099,-0.00012365499,0.68512685
1.0,-0.29526234,-0.15744473,-0.20496821,0.58059824,-0.07479559,1.4092757
2.0,-1.944298,-0.85417632,1.26407,1.4962603,-0.97335414,-1.2833574
2.0,-0.7020301,1.7613086,0.034319076,-0.34864219,-0.72473746,0.57869259
2.0,1.8267207,-0.84938784,-0.5854529,1.5750069,1.1688521,0.84605937
2.0,0.40344542,-2.3653003,-2.1335091,0.26493379,0.97747831,0.7870607
2.0,-0.63679517,1.2700108,-0.4869031,-0.56336388,-0.41827778,1.7689183
2.0,1.3674492,1.5552331,0.081614667,-1.7996419,-0.62200634,-1.2626869
2.0,-0.4305895,0.56911686,1.5256376,-1.1172687,-1.3265909,-0.091819557
2.0,-0.38484349,-1.1756319,1.0445217,0.18069645,1.0494448,-0.060488742
2.0,-1.2968473,-0.34976828,2.2526945,1.3573495,2.1228808,-1.1842912
2.0,1.4257883,-1.3598107,-1.0589699,-0.82706934,0.75850866,-1.6256268
2.0,0.17929685,0.21726063,-0.34599847,-0.74150833,-0.79827188,1.1692741
2.0,-0.23853555,0.72365398,0.4489865,-1.0305092,2.6531955,-1.2330739
2.0,-0.87497968,1.7341359,0.29028241,-0.098008679,0.034549337,0.57569573
2.0,2.7855116,-0.89816341,0.46114045,0.66848311,-0.84530359,1.0729624
2.0,1.8552543,-0.89243028,-0.76539089,1.7971416,-1.5114977,0.31218437
1.0,0.4374075,-0.79983303,0.80696517,0.12332846,0.92010813,-0.7386686
2.0,-1.217571,-0.03507601,1.00654,-2.5245728,2.2171017,-0.88431395
2.0,0.55211767,0.88840642,0.36569405,-0.18831318,0.68089699,1.1634592
2.0,-0.32233609,-0.26321204,1.2004716,-1.9273648,1.0334026,0.053273848
2.0,0.86388874,0.39698817,-0.26594027,-0.18651525,0.66484236,0.060046917
2.0,0.56258807,-1.4869909,0.59325104,-0.077027643,-0.29732413,-0.94347605
2.0,0.62396817,1.1049989,0.14519855,0.35698353,0.044377518,0.64829881
2.0,2.7957967,-1.3552039,-1.2087549,0.39156121,2.2187413,-0.69813606
2.0,-1.5407163,0.77930124,-1.2473417,2.2238806,-0.013168124,0.041347893
2.0,-0.72928856,-1.1235379,-1.9490331,2.3061951,0.427253,-0.56957206
2.0,0.91228766,0.55156619,0.7304473,-1.0579524,-0.79652901,0.387474
2.0,0.51460573,-1.572725,0.8790903,0.66442095,-1.4025838,-1.3559441
2.0,-0.12924445,0.85681802,-0.90114842,-0.66684325,0.34561667,-0.44471132
2.0,0.13795055,-0.88139945,-0.70996709,-0.179395,0.71271078,1.7207957
2.0,1.962536,-0.35968529,0.010785433,-1.0618957,2.8004168,0.033888896
2.0,-1.0173015,-1.9510543,-0.78728252,0.20192225,0.10667915,-3.33987
2.0,0.41745631,0.90089969,0.048944683,-0.2537991,-1.1014038,-2.4092151
1.0,0.80959629,0.57457457,-2.6070732,0.043216356,-0.78335022,1.3923046
2.0,-0.4746304,-0.11482111,-8.7891778e-05,1.5288542,-1.4664016,0.68871156
1.0,0.38667344,-0.44005198,0.43197269,0.81208568,-0.18100026,0.79730626
2.0,0.68531596,-1.2439529,-0.94926148,-1.0964681,-2.5005194,0.13731765
2.0,-0.35831943,0.094129731,-0.14720242,-0.53852636,0.84733692,-1.3496708
2.0,-0.21971966,-1.4072559,-1.282201,0.82776052,-0.41845378,0.22607271
2.0,-0.080665158,-1.603627,-1.1751164,0.65809641,0.31256751,-0.41223298
2.0,-0.64233218,1.2892793,0.53912039,0.68556626,1.3847943,-1.1835675
2.0,-0.42305785,0.95126816,0.30330496,-0.30525134,-0.45300932,-0.42312234
2.0,-0.058966655,-0.99652363,-0.079948888,-0.82762246,0.94896032,1.3605357
1.0,1.535832,0.37957924,1.5821685,0.11484724,1.3748846,2.9067976
2.0,0.80811664,1.1775789,-2.2320648,-0.51609601,0.53368185,-1.0310393
2.0,0.52163929,-0.74307496,1.6879191,0.78544238,0.7169744,0.008997357
2.0,1.5753902,0.025691503,-0.88657278,-0.080892357,0.88464346,1.2190594
2.0,0.10296911,1.4919295,-0.64626962,-0.7021219,-0.44638068,-1.0379242
2.0,0.80303227,0.36968506,-1.237639,1.9375096,-1.3034998,-0.21159909
1.0,0.29498143,0.15136994,0.63698798,0.36290325,1.3991168,-0.7430055
1.0,-0.037342455,0.88021813,-0.55160944,0.23714575,0.06702234,-1.5900278
2.0,0.96315848,-0.074952698,1.0585603,-0.1721047,-0.98042722,0.72883298
2.0,-1.0785811,2.3092091,1.427559,0.22017887,0.78698097,-1.6791311
2.0,-1.574546,-0.6048219,0.50259194,-0.58089429,0.63810193,0.44958454
2.0,-0.47432378,-1.1893181,0.56999064,-0.27653321,2.0901884,0.36602684
1.0,-0.3485144,0.13888941,-1.1459474,0.44751285,-0.47808035,-0.12800041
2.0,0.94110612,1.3799467,-1.325192,-1.8677663,-0.60582823,0.0708532
2.0,0.25535267,0.076150709,-1.2649709,-0.23002144,-1.2409537,0.12750885
2.0,1.1489548,1.6688283,0.73609587,-1.0835935,-1.6071242,-0.73111439
2.0,-0.66319879,-0.77390452,-0.33686541,1.4631362,-0.15783115,0.85280868
2.0,-0.23243819,0.8534554,-0.16855086,0.93177049,-0.46448073,0.56071786
1.0,-1.1987129,0.16180414,0.45923249,0.54726217,-0.9331691,-1.8937714
2.0,-2.0988058,0.23371772,1.043729,2.1284484,-0.0258518,-0.32215365
2.0,-0.79406511,0.97235125,-1.6556967,-1.4049344,-0.23152116,-0.15220797
2.0,2.354473,1.3531703,0.68667943,0.84645484,-0.41069858,-0.32528326
1.0,-0.11988222,-0.19785103,0.86911831,0.19567058,-0.49194452,0.71946898
2.0,1.037226,-0.26060078,-1.0843055,-0.56863799,-0.88787566,0.74402679
2.0,0.23975483,-0.24066598,1.2207657,1.9053853,0.29981188,-0.05069504
2.0,0.85193252,0.74367477,0.96504782,-0.090663412,-1.232595,1.1052816
2.0,-0.47707369,1.4151602,0.83868789,0.33207358,-0.35298441,0.095607463
1.0,-1.531935,0.52118626,-0.55508898,0.48433673,-0.54572827,-0.43895501
2.0,-0.96799164,-0.1471962,0.31540579,-0.2992704,-0.017152114,-2.4118649
2.0,-0.90747888,-0.89239106,-0.2248711,-0.41941913,-0.32898361,-0.22142644
2.0,-0.27630031,0.31809238,0.12477934,-1.1746099,-0.65629151,2.0500772
2.0,0.58298141,-1.8119552,0.64946571,-1.3890174,0.14681119,0.7779942
1.0,-1.4635683,-0.31863905,0.42209385,0.46397625,0.74549988,-1.1088012
2.0,0.2725743,0.33265479,-1.4614424,-0.95912229,-0.65769517,0.39815166
2.0,0.19054311,-0.88332757,1.4546584,-0.38437399,1.097126,2.2260482
2.0,-0.3607223,-1.3705982,1.2398048,-0.60158864,0.97292133,0.88255874
2.0,-0.4649603,-0.79352301,0.041213506,-0.92479766,0.0004966639,-0.8614234
2.0,0.50617807,-0.056693561,-0.96557031,-0.06072597,-0.051838515,-0.50754889
2.0,-0.8878731,-0.057054732,1.6684469,-0.66730948,-0.13711565,-2.4524368
2.0,1.5885838,-0.30670664,-0.29949933,3.2040007,1.5329067,1.5620643
1.0,-0.8565365,-0.77662305,-0.30644881,0.18976999,0.96026191,-0.68709986
1.0,0.5675221,0.13252272,-0.52519252,0.071707275,-0.9169231,-0.089688069
2.0,0.085440322,-4.2786922,-0.63564075,-0.35067618,0.48504331,0.64810796
2.0,-0.29647587,0.41127463,-1.0242785,2.3289821,0.38022917,-0.0088063199
2.0,-0.03079507,-0.78907847,-0.30169138,1.3884349,2.273131,0.91190533
2.0,1.3582078,-1.148993,-0.58967443,0.5761853,0.18705024,0.35487005
2.0,0.81755,-1.2609775,-0.57018851,-0.16517221,-2.2450036,0.43088298
2.0,1.0885113,-0.97205583,-0.043802301,-0.49939809,0.92392354,-1.0335535
2.0,-0.9184331,0.23587388,0.28572048,-0.31009077,-1.3748531,0.25750892
2.0,-0.94408342,1.5074483,0.3782908,0.44610353,0.13469938,-0.099487595
2.0,0.062705822,-0.60030703,0.70806015,-0.72628514,-0.34176371,1.0045494
2.0,-0.014484782,1.1341716,1.2373945,-1.3477053,0.091218452,1.931003
2.0,-0.84819801,1.4082403,-1.0469115,2.4709001,-0.30871592,-0.16386809
2.0,-0.27876158,1.4110292,0.79064082,0.10913283,-1.0820569,0.24640341
1.0,-0.18201491,0.54665137,-1.2033353,0.45851048,0.54912927,0.77716106
2.0,0.35656306,-1.6055091,1.4577516,-0.11993569,0.69054348,0.40660511
2.0,1.2939624,0.5614187,-1.7211317,-1.3811928,0.65911159,1.3217835
2.0,1.6164048,-0.78925275,-0.0042231558,-0.023413901,1.5393011,-0.63278132
2.0,0.26522047,0.92616051,0.61860018,-1.0072469,-0.016600473,1.015058
2.0,-1.3781813,0.73799888,2.2428545,-1.1937411,0.19331047,0.0075517475
2.0,0.783036,-0.66822215,0.29696674,1.2566266,-0.0060496348,1.6952873
2.0,-2.7277234,-0.046142302,-0.96844357,-1.8868607,0.0052094664,-0.023227952
2.0,-0.044943131,0.38998515,-0.31981865,-1.4251673,0.63970983,0.012593421
2.0,-1.3594975,0.41919321,1.331375,-0.24513574,-1.0582929,-1.1732704
2.0,0.88072057,-0.70820032,1.3867537,-0.35729489,-0.60489992,-0.02381473
2.0,0.88310147,-1.3513869,-0.20424207,-0.68652912,0.27113702,1.0394673
2.0,-0.15228211,0.054231248,-0.87177959,-0.46355038,-1.2458326,0.40639223
2.0,0.051136539,0.30500968,-0.29837003,-0.28527692,0.38181728,0.62699713
2.0,0.26089378,-1.272794,-0.57351751,-0.65105714,0.41404794,0.42786813
2.0,1.5790609,-0.58913531,0.98973533,-1.6173633,1.0351862,-1.3182948
2.0,0.20549941,-1.1274626,0.79531922,-0.9107527,-0.90008994,-0.11312159
2.0,-0.61198364,0.42344401,0.93135755,-0.62776219,2.7935906,1.504678
2.0,0.46336385,0.18632549,-1.4753847,-0.52632309,0.27365161,-1.4376501
2.0,-0.8643469,1.5914127,-0.9615858,-1.5611501,-0.32731024,-0.1321526
2.0,0.74523474,-0.11570583,-1.4973945,1.79872,-2.1873284,0.58595293
2.0,-1.0167308,2.1892325,-0.89070023,-1.3110543,1.0378433,0.62093632
2.0,0.14544828,0.089586078,0.12194024,-0.69583522,1.7253453,0.007005381
1.0,-0.33572158,0.61034952,-0.58921087,0.33279883,-1.3210187,-1.3587409
2.0,-0.84006963,-0.45373744,0.041682841,-0.78154863,-0.012449261,-1.7081887
2.0,-0.2714979,1.2904949,-1.0489629,-1.657931,0.71635771,1.3629406
2.0,-0.79199525,2.1430548,-0.3385454,-0.61398756,1.2665508,-0.13703735
2.0,-1.0168654,1.1512582,0.29426636,-1.0281093,0.21460249,0.58374687
2.0,-0.41373745,0.73718541,-0.12192939,-0.49934219,0.37523439,-1.079211
2.0,1.3375764,-0.26496555,-1.4247803,1.7926316,0.5608932,0.094394388
2.0,2.066439,1.7854699,2.0602525,0.080279265,0.47838432,1.711411
2.0,-0.48406335,1.3955678,0.15562017,-0.34027584,-0.56218839,-0.9031419
2.0,1.1714372,-0.64378089,-0.301316,-0.1217324,-1.20494,1.3674892
2.0,0.80570762,-0.59803589,-1.0360687,-0.4442052,-0.68111599,-1.9908691
2.0,-0.34341418,0.34098017,-0.089351429,1.2366985,1.1890398,0.94272344
2.0,-0.13130458,1.6230437,-1.7789992,-0.92894118,0.42482945,1.6811822
2.0,-0.51370339,-0.019041384,1.7914691,-0.059580577,-0.21970767,-1.1079764
1.0,0.50898864,-0.43134289,-2.3917555,0.16069557,-0.96184203,0.62257409
2.0,-0.55914412,-0.73167349,1.2694111,0.95694878,-1.2996095,-1.6641605
2.0,-0.15389613,0.24496287,-0.047595077,1.3082917,0.86077908,-1.0008828
2.0,1.369756,-1.3687031,1.4070463,0.045147859,0.2780512,1.3778668
2.0,0.89674325,0.94024031,0.10055899,-0.55586427,0.25281817,-0.79647271
2.0,-1.1255205,0.76623038,0.64917246,-0.049905177,-0.50104806,0.72380273
