target,F1,F2,F3,F4,F5,F6,F7,F8,F9,F10
2.0,-0.11521743,1.0289392,-0.57712632,-0.71216653,-0.91215855,-0.45137216,-1.5253746,-0.86135185,0.5468395,-0.25133618
1.0,-0.50225675,-1.9580824,1.6622238,0.078091576,0.78885801,-0.51147524,-2.6992126,0.94916583,0.015474537,-1.7425837
2.0,0.78287388,-0.23598413,-1.0405769,1.5582028,0.89960481,-1.8870344,0.43978668,-0.91080772,0.660692,0.87266004
2.0,-0.099672445,0.91132266,0.7856555,-0.30555065,-0.11369978,-0.5599021,-0.76959361,-0.4832329,-1.1209062,-0.77617678
1.0,-0.89693196,-0.5341936,-0.34539624,0.47997921,1.1237547,-0.74970213,1.0466643,0.4425107,0.26025194,0.10691668
1.0,-0.36640613,1.4513048,-1.550031,-0.64700222,-0.85154743,-0.69383502,0.046047269,0.46350753,0.27332289,-0.41585074
1.0,1.3271082,-0.24319895,-0.06444498,1.0604151,0.84847366,0.83633437,-0.46902943,0.61217053,0.74143611,-0.21818741
2.0,0.70045201,1.0223898,-0.3207507,-0.31760512,1.4969946,-0.66089171,0.74612068,-1.2355607,0.74152005,-0.1191669
2.0,-0.70006144,0.46234123,-1.5004413,-0.2456083,0.45473692,0.30061798,0.013953932,1.0429392,-0.093643841,1.2779461
2.0,1.3113044,0.48500003,-0.0018723891,-0.86620889,-0.92920179,0.27421763,0.20117296,-0.87107299,-0.83180731,-2.2389497
2.0,-1.5982238,-1.2601982,0.2467893,1.5866632,1.1936622,-0.70938736,0.74181484,0.017143204,1.7640005,-1.3240626
2.0,0.58487312,-0.93601655,0.67756753,-0.057144936,1.1619831,-0.90530982,-0.18106144,-0.076569484,1.1565648,2.7021886
2.0,0.14838749,-0.14663259,-1.4769796,1.0418089,-1.1624655,0.40593855,-1.8853747,0.34021052,1.0580115,-0.66537107
1.0,-0.38902634,-0.83325714,0.68225704,-1.7123466,-1.5706951,0.44092323,0.65747597,0.35684714,0.28309231,0.73613168
2.0,-1.0753808,1.0231249,1.5545591,-0.78063737,-1.0988676,0.94046304,2.068118,0.34631052,-1.9068641,-0.17601921
2.0,-0.088919436,-1.5502616,-2.3115009,1.3045687,0.00521629,-1.2998134,-1.9787198,1.4050364,-0.4269762,-1.1902445
1.0,0.054498754,-1.4410996,0.4276977,-1.5853926,-0.99983056,0.19268704,1.3549756,0.66595367,0.64384884,-0.16539999
2.0,-1.0674483,0.0039876216,-0.61156979,-2.148706,-0.78585755,-0.3781203,0.82978245,-1.188801,-1.45191,0.2096124
2.0,1.1589657,-0.96959909,-0.0076295351,2.1405451,1.4698903,1.6390569,-1.1118433,1.7910071,0.021237925,-2.1046659
1.0,0.50999449,-0.075001704,-0.3869292,-0.10044768,-0.2336,-2.2170036,-0.27408158,0.35357785,0.8500845,0.25009683
1.0,1.005155,0.57333541,-0.13044776,0.078097792,0.017725505,-0.21271979,0.74168527,0.02492618,0.19988721,0.24527427
2.0,1.5434288,1.1178736,1.2180944,0.51627836,-0.63822548,0.018842786,0.25859911,0.72240279,0.8406257,-0.44728786
2.0,1.4248065,-0.21729063,-0.072841251,-1.0978258,-1.914924,0.20845659,0.62016008,-1.0892598,-0.716662,0.39706867
2.0,0.74892504,-0.2243533,1.1440196,0.27858093,1.651085,0.28069302,-3.0564758,0.81833537,-0.80341481,-0.1889801
2.0,0.4452242,-0.83466217,-1.143215,0.33942113,0.27332553,0.91143524,-1.1101302,-1.0164031,0.10643224,-0.9204368
2.0,-0.41866922,0.87568822,1.9064094,1.4732211,-1.1574725,0.48847046,0.22176569,0.66163517,-0.51657266,2.0012514
2.0,-0.82878036,-0.54855817,-0.42616632,-0.63620834,-0.07041967,-1.3681686,1.0095252,0.69256028,-0.059266708,1.1332533
2.0,0.57782591,-0.65172853,-1.5649948,0.51586921,0.64218447,-0.29760106,1.3030872,0.4467478,-0.80791441,-0.27662549
2.0,-0.60569666,0.38988536,0.46626819,-0.64322087,0.70967448,0.52977518,0.14695553,-0.53736297,-0.4271304,-0.20515509
1.0,-1.8715148,1.2650413,0.39837611,-0.14037939,-1.0417811,1.1320485,0.033731128,-0.37115025,0.66945295,-0.66693893
2.0,-0.1523948,2.0173559,0.81165021,0.6658658,0.26437542,0.19422026,0.25344305,-0.31354669,-0.20003785,0.73433785
2.0,0.087269734,-0.15182518,0.22986862,1.2911355,-1.4270456,0.1307844,-0.68590245,-0.24015092,-0.30570413,0.67993932
2.0,-0.3067655,0.52287128,1.6301079,0.5603207,0.43914178,0.52262106,-0.18062677,0.19218708,-0.68000145,1.0589061
2.0,0.67214148,-0.64504386,-0.21605173,-2.3417102,-1.1846481,-2.2318623,-0.97716646,-1.2053616,-1.5264236,-0.090902116
2.0,0.90327473,-0.51451748,-0.98851757,1.0609271,1.2496554,-0.96661044,0.71489496,-0.073945396,-0.84130064,-0.59889955
2.0,-1.0673316,0.45176477,-0.46013123,1.1895273,0.8366197,0.29539964,0.6468926,0.19832951,-3.9779973,0.064173139
2.0,-0.76711786,0.7683816,-0.69764454,0.93169079,0.40252123,-0.065310001,-0.52050626,1.2203212,0.022201454,-0.23456978
2.0,0.54344739,1.494291,1.2327485,-0.28515788,1.3693135,1.1376861,0.6399831,-0.14405382,-2.3492781,1.5223639
2.0,2.2706926,-0.036080609,-0.28526571,-0.97992531,-2.1677155,1.5233576,0.68720936,0.24513839,-0.60900524,1.7142564
2.0,-0.85473001,-0.59100955,-0.87524211,1.7210102,1.3513747,1.3564689,0.082490293,2.07686,-0.38560103,0.69108382
2.0,0.82456722,-1.7361673,-0.043748782,-0.15159695,-0.89827183,0.12360859,-1.2139582,-0.57657103,-0.42955315,-0.43185039
2.0,1.0097212,-1.6338928,-0.19304982,1.5042058,0.15316392,-0.50679576,0.8355764,-2.9789138,0.49865621,0.12715517
2.0,0.55075078,0.14520526,0.47408994,-1.0311407,1.5017287,0.98315875,0.35851257,-0.84945633,-0.47804131,1.0679063
2.0,0.53627652,0.026814129,-0.45716837,-0.87360894,1.6146313,-0.77869001,2.4720434,1.2072222,0.078668313,-1.5804522
2.0,-0.86712076,-0.24592616,-1.1185236,-0.21169604,0.058586346,0.77154565,0.86794426,1.453101,1.3301805,-0.22733696
2.0,0.59467054,-0.090346273,1.5654204,0.4972816,-0.11264745,1.2697514,0.68491461,-0.67770143,0.8886871,-1.0278515
1.0,0.30364199,-0.83589993,0.61679787,-0.73714756,0.73228236,-0.97336596,1.4213186,-0.15320644,0.19793489,-1.299032
2.0,0.36778339,-1.5509794,1.1824836,1.3409354,0.29982027,2.3268096,0.26815215,-0.64734232,-0.31172338,-0.24767912
2.0,-0.345572,0.86243716,0.12262575,0.48220656,-0.21972735,-0.62631657,-0.47226588,0.0876973,-0.4147117,1.0005036
2.0,-0.30448397,0.21270035,1.4417977,-0.35992432,-0.069928274,1.799006,0.79016876,0.050801943,1.826177,0.15901419
2.0,-0.53232092,-0.058734538,0.017696551,0.58085223,-0.16014227,1.7971084,1.0017632,-2.1509712,-0.83027256,-1.3517601
2.0,0.7665709,0.71909166,-0.15840973,0.75251046,-0.54821339,-1.1162099,-0.38079195,2.0437482,-1.8421965,-0.28648017
2.0,-0.52842161,1.2071312,-2.048116,0.19242115,0.60714782,1.1201926,-1.2552002,-0.84320536,-0.90504466,1.4351644
2.0,2.5126173,-0.59134944,0.37283373,-0.27958135,-2.4812049,2.1472594,-1.7866245,-1.1533152,1.2411183,-0.9084282
2.0,-0.18861363,-0.14975637,1.0543859,-0.76860295,0.7297991,1.2122281,-0.01475564,0.46113002,-0.060302994,1.0052941
2.0,-0.74947497,0.96780906,-1.3314893,-1.9779387,1.3805072,0.25619182,-0.44777175,0.44565771,0.67091173,-2.2546439
2.0,-0.26306387,0.63627946,-1.3023347,2.210981,0.38023334,1.1750662,0.54635971,1.036062,-0.3516897,0.87728795
2.0,-0.064435944,1.1498532,-0.77873588,0.037131061,-0.18872584,-0.58602477,-1.4506933,-0.27788879,-1.4607962,-0.46781938
2.0,0.53083954,-0.58498786,2.360229,-0.82808442,-0.40440249,-1.3359167,-1.2920639,1.6424704,0.53024009,2.0048484
2.0,-0.73235793,2.6005008,-0.024651456,-0.39857639,0.65448169,-1.3950315,0.97064489,1.3402983,1.1456933,-0.79041392
2.0,-0.59880082,0.1095863,0.8779234,1.6673379,0.93728358,0.56188348,-1.4643725,-0.86299519,1.2640425,-1.0490593
1.0,-0.60733865,0.86527712,-0.42576152,2.1108051,-0.10252996,1.0137584,-1.111497,-0.020985718,0.11195849,-0.24645683
2.0,-0.40164829,0.28101948,0.59493035,-0.60535074,-0.39198523,-0.61158932,-0.52191377,-1.1322076,-0.20334685,-0.62426544
2.0,0.31153807,-1.1508151,-0.3290751,-0.86438806,-0.1323949,-0.98548757,0.41234021,-0.46500188,-0.38619426,0.45691845
2.0,-0.96235367,-0.031816741,0.93793971,0.33412707,-0.62245905,-0.87222155,-1.3614447,1.0590747,0.96708214,1.0430401
2.0,-0.38128813,-0.14242275,-0.20666522,1.4938405,1.5814182,1.9310545,-1.1262528,1.1767036,-1.1841986,-0.017096122
1.0,0.77938912,-2.2512379,-0.39092096,-0.17469115,-1.1957487,0.15420074,1.5303955,-0.46708941,0.58843714,-0.92053467
1.0,-0.48797385,-1.0401052,0.11095551,1.525068,0.065584762,0.69308775,1.6157496,-0.55755902,0.52020342,-0.95851903
2.0,0.20719265,1.1930363,1.6506577,-0.62966204,0.36355829,-0.32613161,0.198652,2.9933737,-0.17169866,-0.77879571
2.0,-0.71658382,0.16827245,1.4110308,0.26249529,-1.4884535,0.56059698,2.3360297,-1.4464476,2.196278,0.56366615
2.0,-0.29101502,0.101994,-0.96785662,0.43001383,1.4493624,0.93338865,0.57055008,-0.43704032,-1.3231569,2.1471964
1.0,-0.21338431,0.36600336,0.61188041,0.9905028,-0.46949463,1.0668293,-0.39726346,0.47089664,0.68939404,-1.4026943
2.0,1.4286466,0.78678378,0.20219173,-0.087620622,1.0152272,0.45687874,1.7509504,-0.033661317,-0.82162951,0.25814178
2.0,2.1958686,-1.038486,0.17437975,-1.5605231,0.94704771,0.26063608,-2.163348,1.4646429,0.0042069951,0.20098793
2.0,-0.47421567,-1.4421,-0.68750896,-1.3159019,-1.7570338,0.019746515,-0.4953712,-1.0272117,-0.12972673,2.192104
2.0,-1.1608498,-0.7687756,0.023899572,0.82959221,-0.94874583,-0.64539244,1.3718679,0.72706029,-0.7853245,0.083545433
2.0,-0.60211751,-1.1564128,-1.6808591,0.52814732,0.36138396,0.081359214,0.40379202,-1.9590142,1.7036324,0.3512899
2.0,-1.7892277,-0.39345521,0.10882594,0.090136102,-0.25747314,-0.52788762,-0.31729638,1.1436513,0.23480773,-0.78096047
2.0,0.66285845,-0.086364803,1.1260251,2.7378256,-1.4631034,0.50534068,-0.23766101,1.1462705,1.0374255,1.5798209
2.0,0.083746456,-1.3284053,2.4447454,-1.5985735,-1.8415576,-1.8217644,0.54947816,0.8508362,1.0719432,-0.64093562
2.0,1.2690129,-1.8647703,-0.012482108,-0.68933116,-1.0872241,-0.31004389,-0.88818688,0.2463398,-2.198164,-1.9792502
2.0,-0.5431093,2.0887254,-1.8744587,0.33962242,-0.63636261,0.5257823,-1.1835482,-1.1464657,-1.2346205,0.6440396
1.0,-2.3390136,0.90584418,0.21371392,-1.0808978,0.20338588,0.1601579,-0.74402678,0.27335423,0.43476213,1.0011207
1.0,1.7566788,1.1601447,-0.030679217,-0.34008606,1.3186211,-0.70461396,0.34718256,-0.050402868,0.32173871,-0.17762659
2.0,1.5498148,1.1525595,-1.048832,-0.83038998,0.64858861,-0.83625435,-0.6235246,0.086072387,1.2036277,0.68488537
2.0,0.39198216,0.7671241,-0.69330619,-1.1546276,-0.99710723,1.1178799,-0.026860795,-1.8784395,-0.97167593,-1.9414959
2.0,-1.4848758,1.4512932,0.90783317,0.1566327,-0.13246186,0.76066343,1.0129172,3.1141361,-0.0073738709,0.0037732199
1.0,0.58989862,1.2849894,-0.63112566,0.63790122,0.74838993,-0.53655755,-0.31413097,0.54799543,0.60960465,-1.0811964
2.0,-0.44696201,1.0659226,-0.98106371,0.51679677,0.1322937,-0.20555738,0.14870648,0.77807247,-0.46312459,-1.969152
2.0,1.7279938,2.1669823,-0.98438159,-0.34485125,-0.38225292,1.0134011,-1.0539524,0.10856965,0.94008241,1.8252235
1.0,0.5407862,1.251725,0.62102971,-1.048179,-0.9179727,0.13589048,0.6481294,0.50032281,0.44700308,-0.13823351
2.0,1.0844957,0.21779666,-0.45368897,-0.55981709,0.21282701,1.2424704,-0.0075540211,-0.59861979,-1.0603372,1.1558032
2.0,0.38027625,-1.8327468,0.32134027,-2.5951104,-0.43996429,0.46818307,-1.3920611,0.60169144,-1.962911,0.35384226
2.0,-0.91839068,0.61633937,-0.037164249,0.19519692,1.353899,0.22723936,-1.0967256,0.69821279,1.4037427,-0.83341902
1.0,0.52690087,-1.0784246,1.1627947,-0.091785756,0.10461817,1.0296422,1.7736885,-0.83881119,0.24974963,1.7795411
2.0,2.8966668,0.59103967,-0.62797196,-1.5281091,0.89676525,2.94737,1.9409935,2.0061945,1.2127485,-2.4364694
2.0,0.31566752,0.95855492,0.57862553,-2.1883028,-1.571783,-0.33005173,0.92430645,-1.213612,0.0022481085,0.96987501
2.0,0.84013846,-0.83707691,-0.029678401,-1.4675256,0.6198652,0.44732839,-0.37443716,0.15344847,-0.10246315,2.2290149
2.0,0.25806676,-1.383442,0.086975106,-1.3191708,1.0328975,-1.0956945,-1.1855682,-0.28433207,1.5539478,-0.25770652
2.0,-0.31409898,-1.3610521,-0.59124504,1.003862,-0.15828211,-0.53982255,-1.5317157,0.89818822,-1.4080419,-0.97928794
2.0,-1.776942,-0.58739243,-0.15947992,-0.94283056,1.4087746,-0.012810607,0.76620711,0.50684048,-1.9783375,-0.6817297
2.0,-0.29960539,-0.58389433,-1.0368493,-1.0628543,1.0201314,-1.1047658,-0.40739832,-0.3976802,1.5945802,-0.29962773
2.0,-1.9051532,1.3715868,-0.99204721,1.5692761,0.57920821,-0.17102996,-0.93867258,1.9175015,1.1118607,0.5951153
2.0,-0.15417068,1.289631,-0.72142875,0.40394881,0.53241807,0.30400081,-0.15846678,-3.7685257,-0.036395522,0.83392232
2.0,-0.27234168,1.4361261,-1.7523132,0.15615069,-0.119651,-0.74526453,-1.7124407,-1.3877846,0.34695158,2.330536
2.0,-0.28188851,-0.84425311,1.7069815,0.74356452,0.95881323,-0.100418,-0.22006417,-1.8196167,-1.6982013,-1.4863072
2.0,0.051574284,0.45519723,-0.78252336,0.74574388,-0.59272856,-1.1433966,0.33982585,2.0158602,-0.77457566,0.04580753
2.0,-0.053549253,-1.2123339,-0.97306871,-0.68516386,0.94846647,0.33358735,0.54489194,0.48610302,-0.86413819,-0.049893633
2.0,2.4187526,-1.4693728,-0.42029305,-1.0016868,-1.0822037,-0.11841932,-2.138655,0.59875315,-0.40021225,0.053590012
2.0,0.37127987,0.62199448,-1.3848067,1.4421959,0.88914349,-0.23410861,-1.2219025,0.7560001,0.75841114,0.85446477
1.0,-0.91954495,0.083290586,0.57100287,-0.042573649,0.055399705,-0.62863614,0.45007841,0.23017465,0.35129027,0.13204885
2.0,-2.0030603,0.33300796,-0.9526435,0.71030394,0.52899484,-0.52002399,-0.63492194,-0.05015607,-1.5440378,-0.52846789
2.0,-0.4948145,-2.4872091,-1.5676649,-1.564316,0.91773572,-1.3029359,0.52112211,-0.60869222,1.8039543,0.88953366
2.0,0.010853792,-0.24526109,1.4582165,0.65974246,0.30760796,-1.2097401,1.5006925,-0.90294874,-0.50351485,-0.93935968
1.0,-0.47128466,0.95314253,0.76139977,-0.28264733,1.848041,-2.1409185,0.16799305,-0.67463891,0.57361774,0.16108976
1.0,-0.70137422,0.57352797,-0.62018147,-1.5759556,0.27483844,1.633789,-0.18144602,0.49240466,0.30422731,-0.33330678
1.0,1.1486817,-1.2259911,-0.015417463,0.30818483,-0.1044575,-2.0883363,-1.2850179,-0.28629513,0.59060327,-1.672219
2.0,-0.42588248,1.4806728,-0.73412643,-1.2086169,-0.66089753,0.50345023,-0.66296255,0.15809282,-0.72169648,1.765714
2.0,-0.17101427,-1.3931641,-0.67904362,0.12243326,-0.3155764,-0.74277818,0.14030741,0.81011999,1.5026616,-1.2792853
1.0,1.7676764,-0.45438059,0.7878634,0.43111111,-1.2005637,2.2805876,-1.566093,-0.16761306,0.34765979,1.0318926
2.0,1.1716105,-1.3837326,2.4204448,0.38599515,0.9704342,0.26381589,0.71756514,0.34566871,1.9582566,1.3469247
2.0,1.7359517,-0.64744828,0.72652412,1.6491378,1.0274911,-0.3577822,0.67412651,1.0059674,0.67345032,-2.0738051
2.0,-1.4663326,1.6012946,0.84599551,-0.41774133,-1.1386563,-1.99479,0.85670224,1.2436008,-0.24130287,-0.69652955
1.0,0.33486418,1.4297868,-2.1048521,-0.51826599,-0.98958265,-0.52701668,-1.5137157,0.25093217,0.48374421,1.1785607
2.0,-0.38866918,0.49489483,1.2366704,0.098338439,0.50290252,-0.54681693,1.1566211,1.9688766,-0.59502898,-0.2048505
1.0,-0.10713286,-0.38038247,-0.77772066,1.7212669,-0.97777906,-0.54836749,0.90949491,-0.27364914,0.15441888,1.3024072
1.0,-1.620548,1.3972479,-1.0388453,-0.68335842,-0.37008207,-0.77260517,0.10724358,-0.6863972,0.67844442,0.64887235
2.0,-0.85865114,0.4086493,-0.18745994,-0.81906004,2.0114614,-1.5764174,1.4389412,0.01284727,-0.87981801,-0.32876429
2.0,-2.652823,0.51644252,-1.3285954,-1.7275442,-0.22316509,-1.0317558,-0.64114767,1.677183,0.85676509,0.57524105
2.0,0.5580581,0.53015599,1.4685781,1.4012622,-2.5998967,-0.34918242,-0.29941623,-0.090560498,-0.18674175,-0.97490306
1.0,1.6468984,0.41612242,-1.8310962,-1.2255195,0.62713297,0.68877564,-1.2218942,-0.12228509,0.35901121,-1.6633009
2.0,-0.32994169,1.5853485,-1.3256776,-1.2271364,-0.14265937,0.54671678,0.41464171,0.25171796,-0.57256816,-0.11491163
2.0,-2.0752823,-1.0965273,-0.54497364,-1.2377066,-0.69014178,-1.0997119,-0.39477919,-0.7486794,0.66807602,0.76607325
1.0,-0.0049277673,-1.0649587,0.33353925,0.079543002,0.0510531,1.6480237,-1.5345975,0.49154234,0.12491668,-0.43568591
1.0,-0.26472643,-1.3581686,0.99765365,0.71739578,0.00085294068,-0.08080725,0.4007184,0.53916167,0.42105227,-0.93186833
2.0,2.1120204,1.1014244,1.1384236,0.44857288,1.0911128,-2.0908755,1.671692,0.042185381,1.0958281,1.2604993
2.0,0.53648002,0.18673897,-0.085772863,0.3090163,-0.30175264,-0.26854689,0.79938709,-1.071833,-0.027788264,-2.3766001
2.0,0.77519417,-1.2510662,0.80513633,0.43353762,0.83902576,-0.12083541,-0.57957778,1.016913,0.30444409,0.061130239
2.0,0.70623914,1.5688255,0.66141683,1.8102357,-0.0091790336,-0.67638562,-0.89404377,0.63454402,1.1714499,-0.57422794
2.0,0.18118447,-0.6489849,0.75996463,0.85757608,0.75205376,0.5309632,0.59304488,1.1493422,0.5668428,0.47444909
2.0,0.34092688,-0.29562177,-0.0091936116,-0.031542962,-1.3040351,-0.067032066,-0.69787141,-0.5746878,-2.3368797,-0.93990314
1.0,-1.5999946,0.75200851,0.093194165,0.41439518,-1.0875908,-0.48981328,0.76275413,-0.18930993,0.78567926,-0.76348182
1.0,-2.1880113,2.0301323,-0.14973445,0.73166204,-0.28162976,-1.201549,-0.75783168,0.57864937,0.80508151,1.7099626
2.0,0.66884584,1.4672144,-0.63714463,-0.19102101,-0.33636045,1.8146045,0.88421492,0.6515651,-0.6016412,-1.8577579
2.0,-0.52129413,-0.34832148,-1.3779156,-0.19328164,0.91455073,-0.74364368,-0.18320211,-2.379261,0.37882584,-1.0724973
2.0,-2.135049,-0.27750056,-1.5641856,0.39198087,-0.043861979,1.83244,3.316543,-2.3089678,-1.454117,2.3395117
1.0,1.1018043,-0.1733813,1.8684261,0.73900156,2.7259497,0.20616516,-0.36411869,-0.19029029,0.35597423,1.1546185
2.0,0.82480154,-0.32025345,-0.65667921,-0.70650875,-0.23206397,-1.113574,1.793732,0.59455781,-0.33037167,0.065039394
2.0,-1.8905165,1.2508155,-0.56401139,0.05621597,2.2734218,2.0668552,0.9455924,-1.064706,-0.24895901,-0.0025763478
2.0,-1.22479,0.22059512,2.2828685,-1.4806626,0.39061737,-0.40166093,-0.99366849,-0.42416683,-1.0946856,-1.3310156
2.0,0.16015255,-0.40010918,1.4261451,-1.5192483,-0.2484266,0.18419618,1.0656764,-2.0454412,0.46376302,-0.30970802
2.0,-2.7598999,-0.92256169,0.040168902,-0.48340432,0.98909575,-0.9299908,-0.44953031,1.6529555,0.47063773,-1.206326
2.0,0.91801457,-1.1981759,-0.30013332,-0.47596912,0.039234502,-0.26105891,-0.88856575,0.42059894,-0.13705684,1.4178307
2.0,0.75345425,1.2464554,1.3437949,-0.36878393,-0.37911008,-0.30610436,0.032384092,-1.0997462,0.75253275,0.27956347
2.0,1.2161052,0.16564281,-0.17006461,-0.61511811,-0.15938997,-0.40620264,1.0182385,-0.92319059,0.49588718,-0.30052066
1.0,0.79622005,-0.16223713,1.7295869,-0.67217169,-0.92774398,-1.6175172,-1.0911505,0.33089245,0.93889459,-0.3251537
2.0,0.98811219,0.56755945,0.052434947,-0.068831682,-0.2382422,0.25342653,-0.027056552,-0.2858743,0.5492596,2.5624031
2.0,-1.7517088,1.5410514,0.89362937,-1.241532,-0.28352325,0.36647105,0.87308118,-1.3966033,-0.90555774,-0.57171076
1.0,-1.2387877,1.5144002,-0.57149236,1.5608722,-1.7238604,-2.0591176,0.74274146,-0.62238003,0.53147276,-0.16555369
2.0,-0.52965136,-0.62916839,-2.1130312,-1.0800187,-0.21869937,0.40132469,-0.39119145,0.111555,-0.41522023,-0.36790313
2.0,-0.38556743,-1.2541077,0.022918244,0.09524825,-0.67361621,0.20243982,0.66047622,1.7577389,1.1865651,1.0557239
2.0,-1.2041338,-0.15261025,-0.45504442,-0.83181334,-0.14920293,0.41660411,0.44804166,-0.96394031,-0.80449964,0.037524142
2.0,1.3253781,1.4291873,0.18628971,1.0348132,2.4265486,0.98762802,-1.5237797,0.4705361,-0.66530718,0.45213926
2.0,-0.57843,0.32357799,-0.33393016,0.92544691,-0.81470221,1.31362,1.0141119,1.7758947,-0.44194943,-0.16794371
2.0,0.83347232,0.76774879,1.0600003,-0.25285396,0.85737436,0.53424586,-0.79415521,-0.024900229,-2.5012845,-1.955794
1.0,1.2457989,0.29606222,-0.09880495,0.64289684,0.92275441,0.37864062,0.35634263,-0.13885777,0.11777329,-0.42646577
2.0,0.36134671,-1.2194349,1.1724209,-1.6044761,1.3259739,-1.6626703,1.0780113,0.26273461,1.4402386,0.5760038
2.0,0.80554794,-1.2429897,0.52269738,1.4307563,0.81038727,-0.659972,-1.0148673,0.15531771,-1.5946118,0.34412016
2.0,-0.31598712,0.20236053,0.081293135,-0.89943394,-0.67887892,0.49072388,1.2284902,-1.6018723,0.051669823,1.4029557
1.0,-0.70852344,-1.1206914,1.6809519,0.86183327,0.71640985,0.73207523,1.1678357,0.28964148,0.50220359,0.31280796
2.0,-0.14711129,-0.22544634,0.37695113,2.9311763,0.081772617,-0.78348795,1.4135245,0.76410671,1.3653024,-1.2081715
2.0,0.65405808,1.0807469,1.1733417,-0.72317735,-1.11239,-1.0014407,0.41392461,-1.1534335,-0.20636344,-0.33124914
2.0,-1.1024409,-2.112073,-0.90330968,0.0093661795,0.15540646,0.31179703,0.21555712,-0.64268358,-0.69496056,-0.024426901
2.0,-0.17827574,1.1311101,-0.82785077,0.6010867,-1.417839,-1.8673325,0.26322387,0.87736865,0.49386017,-0.58987363
2.0,-0.023490393,-0.098232031,-0.40456091,-1.0644288,0.45675529,1.7136259,-0.81017069,-0.60068408,-1.3999777,0.71263905
2.0,0.4826578,0.40634553,0.5334195,-0.05223107,-0.82295688,0.2844567,-0.22271186,1.0922844,0.59584241,-1.6327627
2.0,-0.32923534,0.58149429,-1.9831929,-0.097279608,0.47127258,-0.95513412,0.72640713,1.4883235,1.1722308,0.5604597
1.0,-0.39842793,0.3962848,-1.6217198,1.7321342,-0.3416749,-1.9588517,-1.1685223,-0.77554127,0.35039372,1.2196348
2.0,-1.7019462,0.52847662,1.1142304,-1.0546461,-0.81277831,0.23086363,-0.55611991,-0.21894216,-0.2821845,-0.6724471
2.0,1.4410257,0.49895949,-0.54672042,0.061247536,-0.060232147,0.34731497,2.1191984,-0.44219837,-0.45382645,1.3133736
2.0,1.434092,0.33527449,0.58350252,0.95361667,-0.97349619,-1.2092342,-0.46660975,-0.32240502,1.4347537,-0.31451941
2.0,-0.89247771,0.7405242,-0.90600821,-0.91978937,1.8170069,1.129078,0.76035496,1.2569572,-1.7738078,0.48644809
2.0,0.34592704,0.81901934,-0.98518495,-1.0563764,-0.78181972,-0.96342343,0.34831546,0.50599436,-0.32464829,-0.87432165
2.0,-1.6697889,-0.62924947,-0.86986832,0.42745195,1.2282821,-2.4950885,0.069939892,0.39058207,-1.0726487,0.35300151
2.0,-1.0508529,1.5897319,-1.4634451,-0.007665609,0.12746209,0.072956851,1.1617761,-0.97291222,-0.22103883,-1.9399569
2.0,-1.2611569,0.16443973,1.0622994,0.14941059,0.85547303,0.67840052,-0.098317885,-0.60579091,-0.11021141,0.43147131
2.0,-0.69001516,-0.22630109,-0.099788823,-1.70488,-0.51264305,0.1075022,0.56685237,-0.50966034,-2.5887843,-1.4394211
2.0,-1.252187,-1.3167337,-1.5586443,-1.6254611,1.0163925,1.1353551,1.3979755,-0.55680589,2.0642448,-0.046578791
2.0,-0.26062831,0.066179961,-0.40158069,1.0084292,0.31959687,1.3126202,0.090186473,0.70203533,-0.06327593,0.9740518
2.0,-0.024551788,-1.8203249,-0.42330296,0.51859166,0.57869546,1.375238,1.6419157,-1.7931764,1.4079168,-1.0201392
2.0,-0.62655212,-0.062630147,0.39189395,-1.9877803,0.98958074,0.73233629,0.21521779,0.69521142,-1.577636,0.032943934
2.0,-0.054837278,0.79427137,-1.6624565,0.78848994,0.35721581,-1.1992057,-0.13864136,-1.0173878,-0.71248309,0.11210622
2.0,-1.4643577,0.34288661,-0.93469239,0.04398619,0.39528912,-1.3688291,-0.74339395,1.1478587,1.8011003,-1.6119333
2.0,1.0419104,-0.17789762,0.41504902,-0.50766595,1.3561214,0.54610906,-0.035673521,-0.4749234,-1.0667102,2.2742975
2.0,1.5706274,-0.34960291,0.77840517,-0.39586619,0.4034062,0.091560564,1.5291949,0.93726649,-0.63472466,1.2029179
2.0,0.84473152,-1.2406028,-1.520007,1.9897323,-0.021517655,1.1694432,-0.46109438,-0.62203584,2.1411708,-0.53705048
2.0,-0.079936925,-1.7836017,-0.30385348,0.25757252,0.14607348,0.35700767,1.4749985,0.55949833,-0.63195674,-0.41428755
2.0,0.54400095,2.2447532,-0.6092644,-0.84641333,1.1793894,-0.55772915,0.19941194,0.28541032,-0.12885219,-0.63999268
1.0,0.4880013,1.4655583,0.9893736,-1.7151203,0.12220616,1.8642037,1.4321591,0.73613211,0.19747172,0.73896991
2.0,-0.86898938,0.109114,-0.41024958,0.43059286,-0.091175118,-0.48842225,0.32754886,-0.71674883,1.4211291,0.79299929
2.0,-0.93989396,0.55351589,-1.2629322,0.059181615,-0.25317058,-0.17134391,-0.93261373,0.42216746,-1.9446944,-1.4247716
2.0,-0.61645338,-0.67250152,-0.91394556,-0.35269727,-0.88048696,2.3357114,-1.502909,-0.0021380798,-0.17922147,-0.65339872
2.0,0.83569418,0.11510398,-0.066482153,-1.3736853,1.1522966,0.16882193,0.41298408,-1.4097695,-0.26874058,-1.6665596
2.0,-2.152532,0.14755402,-0.56319766,0.77822377,-0.59964323,0.34347426,-1.6215735,-1.2029999,-0.33900323,0.83682003
2.0,0.50270176,0.78504032,1.2640512,0.57255002,-0.022963165,-0.18340039,0.79747019,1.2073868,-1.300631,1.5775123
2.0,0.98985919,0.7672843,0.74611779,-0.25546021,0.74862537,-0.046460676,1.1867119,0.53554138,-0.87623104,0.28477554
2.0,-0.65672304,0.67763749,-0.16494933,1.1529472,1.3951161,-1.3575379,-0.98344563,1.0923482,1.185515,0.88971876
2.0,-0.68157924,-1.3358214,0.31898892,0.072730384,1.5758772,-1.8666086,0.74104729,-0.82046024,-1.3609538,-1.3094748
2.0,-0.61147116,-1.3407468,0.44364426,-0.49095738,-3.0193276,0.75260999,-0.78353908,0.88988541,-2.0033337,-1.8201491
2.0,-0.70155284,-1.2140486,-0.62994994,0.15261423,-0.055685648,0.31675307,-1.0499408,-1.1902198,-1.6065408,0.54737232
1.0,0.71198242,-1.8132917,0.95574717,1.7394727,-0.32154729,0.92008581,-2.3523509,0.1200114,0.22580057,-0.98624349
1.0,-1.0259313,-0.96082078,0.63796752,1.0380287,1.3934398,-0.1019074,0.1269673,0.96376654,0.20177236,-0.37357063
2.0,-0.69748654,0.34758865,-0.6163328,-0.57478415,-2.1246878,0.12177199,1.6547411,-1.3532809,1.1437499,2.6709907
2.0,1.0620365,-0.39473614,-0.84339691,-0.16778132,-2.7504126,0.63138934,-1.0146648,1.5962089,0.71584878,-0.21414186
1.0,-0.25924854,0.38109449,1.6095795,-0.84502207,-0.23203385,-0.30215833,-0.20049099,0.22161482,0.3388178,0.78720957
2.0,-0.097749916,-1.5703651,1.066207,-0.57910608,0.68162754,-0.92147342,-0.063937579,0.64456495,-1.0515487,2.3535719
2.0,-0.56399196,-0.44177783,1.4527925,-0.74262573,0.2169055,-0.99802978,-0.3249827,-1.4829005,1.2809255,-2.4173277
2.0,-0.52366577,-0.1256721,0.26564029,-0.58495545,-0.6004582,-0.93898274,0.15701968,0.70392116,-1.3809613,2.2181746
2.0,0.66785353,-0.98871158,-1.3063321,0.42743612,-0.33064389,1.8187223,0.54713318,0.079736002,-2.22702,-1.7684044
2.0,-2.0211957,0.86309553,-0.71936096,-0.26303046,-1.1882064,-0.64666792,-1.2003837,-0.036011781,0.6685504,-2.0485233
1.0,1.4791238,1.3254486,0.22547995,0.60249796,-0.89669488,1.111544,0.65662983,-0.5362201,0.36818219,1.2118908
2.0,0.57417666,1.3004596,1.0854073,-0.87302757,-2.2274574,-0.23876646,-1.6508556,1.5463731,0.45221657,-1.2210669
2.0,0.72057728,-1.0232137,-0.12851261,0.48254955,-0.36847976,0.77513766,-0.088791369,0.89602153,1.4277426,-0.96824373
2.0,-0.64750275,-1.1807643,0.38419934,-0.91017601,0.32915584,1.8337954,-0.33147199,-0.20828665,-0.8289277,-0.076031512
2.0,1.5248601,0.01965519,-0.93531466,-1.3830927,-0.44905517,0.093408643,1.8247335,0.87721911,-0.36002426,-1.6525363
2.0,0.21197674,-2.3806309,-0.68791134,0.19668211,1.848394,-2.1066105,0.58549676,0.82440388,-1.8372174,-0.063876981
2.0,-0.84105715,0.16987521,-1.6405283,0.84155535,0.59798436,1.3998119,-1.0554059,-0.071203169,-1.2589702,0.36958416
2.0,-0.36567539,-2.2905568,-0.98271826,-0.13737878,1.1155543,0.29229453,-0.13720463,-0.25678999,-1.9180271,-0.0012306744
2.0,0.71791726,2.9605935,0.36453602,0.18053899,0.81455601,0.034481435,-0.31367221,-0.6357544,2.301924,0.29913689
2.0,0.23508698,-0.62426414,0.52812677,-0.69454942,1.4869795,-0.55142288,0.60374456,0.41411636,1.3288821,0.72451247
2.0,-1.085407,0.32428442,-1.975361,0.85618041,1.0488377,0.8614576,-0.56241515,0.0054113025,-1.0493407,-0.47470148
2.0,-0.51444106,-2.3287333,0.17251944,-1.7283639,-1.4179608,0.53522154,-1.1897591,0.086674156,1.2041269,-1.0493537
2.0,-1.563625,0.7494195,-0.25806498,0.094791007,-1.5930584,-0.38233089,0.47745517,1.369476,-0.46531146,0.29765801
2.0,0.47341367,-1.1061813,-0.33661021,-1.5361875,-1.2383756,1.149482,0.54704287,-0.19949455,1.6467242,-1.4277524
2.0,1.0207239,-1.0931635,0.62865119,0.52753546,-0.51494085,-0.4076859,-0.42289623,1.1725312,0.26459102,-0.13889559
2.0,0.79753219,-1.2278728,-1.0246329,0.34155598,-0.57338821,-1.99098,0.22639012,0.91324266,0.61720644,0.88134292
2.0,-0.52231261,0.59731759,0.1685492,-1.7864077,-0.69138941,-0.38811515,-0.6350493,-1.8396802,-0.42699812,-0.86470936
2.0,-1.1859284,-0.79809567,1.6507363,1.8608472,-0.36254254,-0.81618517,1.9139994,0.71296744,-0.67704376,-0.15257756
1.0,0.40438468,0.34272866,0.15886714,-0.78186365,-1.9039139,1.3954776,-1.0839206,-0.17704144,0.49400647,-0.67014108
2.0,0.2192202,0.033172147,-0.99124775,-0.39102676,0.10872911,-0.69930103,1.337978,-1.3641035,-1.8532151,-0.8384007
2.0,-1.2504171,0.56638298,-1.7070829,-0.55290081,-0.32421182,-0.66215418,-0.91548392,1.9446977,0.9377462,-0.93421595
1.0,-1.4024417,0.98680259,0.092370103,-1.4488296,0.25609076,-0.37882392,-0.018224718,-0.13768033,0.10773981,-0.18933272
1.0,-1.5855158,0.12278679,0.23604401,0.20804928,-2.0286728,-0.091546079,1.1864712,0.14940248,0.27635564,-0.9580782
1.0,-0.42634847,0.21724806,-1.8393795,0.019654029,0.23415901,1.0080025,0.023236242,0.35697355,0.85046222,-0.15665773
2.0,0.66653399,0.60098661,1.099747,-0.39439958,1.8467939,2.1271966,-0.68964463,-2.203266,-0.88500893,-2.0940908
2.0,1.6773341,-1.4854491,-0.54667672,0.90965849,-0.73281359,-0.64997859,-1.4186413,-0.2907776,1.7706086,0.30434007
2.0,0.061807018,0.26289809,1.0452668,0.36330215,-0.83577519,0.69045938,0.40005714,1.052024,-0.3690626,0.56584106
1.0,1.4541992,-0.27376695,0.66491675,-1.092774,0.36123389,2.055803,0.20070037,0.02198211,0.28512558,-0.59540655
2.0,-1.767485,0.65992625,-0.98259034,2.07434,1.4832585,1.5364621,0.85407642,-0.39517699,-0.36698922,0.9054855
2.0,-0.022333283,0.2484183,0.13212027,-0.62704634,1.0696359,1.5384373,1.1628558,-1.6029594,-0.78082782,1.3618206
2.0,-0.38068969,-0.191675,-0.2766327,-0.34273853,0.27403329,-1.0352949,0.75735574,0.27127322,-0.32420329,1.1803836
1.0,0.78746461,1.3887221,0.36855382,-0.38621037,0.17557087,-0.48525359,-0.54792429,-0.24627296,0.56798139,1.2341369
2.0,0.38636544,-1.2358322,-0.093249485,0.79475684,-0.24966658,2.8005877,-1.6452217,1.4900138,0.53221297,0.42057343
1.0,-0.95098564,0.0032568716,-2.438587,1.3373078,1.5858902,-0.61755529,-0.13455433,0.59933862,0.09574474,-0.81874204
2.0,0.612214,-1.7865152,0.0060978085,-0.47296339,-0.14719008,-0.40904406,-0.49975703,0.40419255,1.0626395,-0.31018931
2.0,0.56284131,0.13158085,-0.37705786,-0.39041314,-0.90932657,-0.68832136,-1.2882804,1.7570542,-0.096541665,-1.2267004
1.0,1.1215107,-0.043618093,0.10799669,-1.0408811,-0.0068620959,-0.72526899,-1.8826188,0.76793404,0.041628884,0.45419861
1.0,-0.069471027,0.38930493,-1.8172955,-0.12335133,-1.1147964,-1.5116472,-1.5803487,0.23366574,0.61667497,-0.77597812
2.0,-0.52784155,1.0421708,0.12204134,-0.60009707,0.088031003,-1.0928626,-0.60624301,-0.18639695,-0.74806287,-0.10712267
2.0,-0.74281173,-0.05368111,-0.32931396,0.35615642,0.87313461,-0.7565108,-0.19839256,-0.96945164,1.0838238,-0.58103035
2.0,-0.092200646,0.51125465,0.69712799,0.20359192,-0.12585121,-0.44910799,-0.78773952,-0.063290847,-1.7959929,0.21059456
2.0,2.2484516,-0.26266446,0.17681874,-0.62601462,0.093033208,-1.139367,-0.92119683,-1.5736182,-0.088778902,-0.34808595
2.0,-0.62775761,-0.7219055,-1.6946778,1.0638684,0.50556817,2.0118646,0.69105474,1.0977291,0.43771031,0.15379241
2.0,1.6648423,-1.7685011,-0.97414306,1.1090489,1.4435815,-0.083433247,0.063525607,0.94845532,-0.047132143,0.95866223
2.0,1.1084277,0.8107532,0.02012492,0.24865541,-0.75404604,-2.3237912,0.086990131,-1.6727484,1.2747251,-0.4685061
2.0,-1.454653,-1.9644782,0.11561802,-0.46594608,0.69741824,0.36953794,0.37539699,-1.7710757,-0.10732758,-0.50614405
2.0,-1.3137544,0.58016794,-0.23998003,-0.20994866,-0.14528413,0.25467106,-0.037152013,-0.23133331,-0.5335041,0.87618599
1.0,0.6157995,0.67325101,0.33969721,2.7705074,1.0365031,0.15934005,1.8556739,-0.92043504,0.22531663,-0.44039031
1.0,-0.67985984,0.21700876,0.71703545,0.63893627,0.12386475,1.802346,1.8016951,-0.25079409,0.60309108,0.061803919
2.0,-1.8092257,-0.18803941,1.2917389,-2.2027023,-0.69069272,0.13792713,-0.14979046,-1.8380288,0.087405843,0.88331801
2.0,2.1839872,0.10571347,0.94969382,-0.55373024,-0.40184919,0.68707577,-0.34772706,-0.098780061,-0.15283347,0.43481453
2.0,-1.9418885,0.45289962,0.80887297,-0.18625229,-0.050250025,-1.5822648,-1.387865,0.34620079,-0.55834347,1.120257
2.0,0.26524772,-1.0032319,-0.32610324,0.28727238,-0.45405677,0.90927096,-0.73977717,-1.9605282,-1.0494232,1.0131166
2.0,0.024290477,0.84181751,-0.79422247,-0.57108088,-0.34889825,-1.4207986,-0.17878085,1.1022937,-0.85279465,-1.6673037
2.0,-0.25047011,-0.32477963,0.98625201,1.6113301,-0.25968595,0.91702976,-0.23500888,2.437262,-0.31557007,-0.71631367
2.0,-0.13935629,0.028422884,0.56702431,0.57296934,-2.5235174,-1.597201,0.60430037,-0.081638938,-1.2473829,1.040986
2.0,-0.41092661,1.0803758,0.73414296,-0.64314254,-1.1254005,0.33947806,-0.94303602,0.5375639,-0.77637499,-0.12136805
2.0,-1.2166805,0.57977009,-0.98750756,-0.24217053,0.40917467,-1.5516175,-0.43472783,0.3393802,-1.1336707,0.87129889
1.0,-0.59392523,-2.0267332,-0.63431945,-0.65778618,0.45708333,-0.43732323,-0.2574818,0.68420581,0.58679567,1.2798796
1.0,0.65163191,-0.28328062,0.81792164,-1.2435028,0.22605801,0.66028099,-0.78629553,-0.090286227,0.70613492,-0.28207269
2.0,0.33882855,-1.7201133,0.58089252,1.4274121,1.5433605,0.84473599,-0.83109297,0.32674061,-0.80329754,-0.20217941
2.0,-0.22181043,-1.2028187,-0.94477932,-0.46111091,1.0252985,-0.40851941,-1.1648643,0.023234646,-0.033732967,0.99747752
2.0,-0.87400715,1.1143913,-0.63963512,0.080430633,-0.50855563,-0.39200772,-0.48745413,-0.46244879,-0.4960659,-1.33101
1.0,0.96019751,-2.965587,-0.29151562,0.33967716,-0.9122271,-0.78182151,0.644447,-0.21976687,0.84164171,0.82624149
2.0,-2.5098954,0.85519751,0.16620442,-1.3592223,-1.5142274,-1.33889,-1.4400824,-0.44217949,-1.0159382,0.58370681
2.0,-0.13439267,0.19662209,-0.0079834961,0.64813416,-1.79407,0.34265638,-0.60966471,-1.349171,-1.1722428,0.58176106
2.0,0.36587047,-0.48782147,1.2898312,0.79838379,-0.25183492,0.2623687,0.10797892,0.31242035,-0.904248,0.50456266
1.0,1.1088377,-1.3263725,-1.012323,1.2288075,-0.70370736,-1.6428708,0.37874525,0.81672232,0.055695835,0.758313
2.0,0.31691573,0.95945299,-0.72224575,0.88038769,0.059599409,-1.1579537,0.97149721,0.22804135,-0.0053541866,1.2131467
2.0,0.51068436,1.8817523,-1.1076062,-0.55525818,-1.5811177,0.58735659,2.227897,-3.3399935,0.23053606,0.83568699
2.0,0.76380938,1.542891,-0.40403161,-1.1167469,-1.0716931,-2.1415972,-0.46335496,-0.17330239,-0.7316865,0.4778272
2.0,-0.28174679,0.28454528,-1.705036,0.78583143,0.25099144,1.568284,0.20509119,-1.0155356,0.96933478,-0.19068654
2.0,-0.1896787,-0.56912208,0.69064419,-0.0027484201,-0.23026921,-0.060965799,0.59716597,0.25472828,-0.938786,-0.16212458
2.0,1.0894393,-1.3737307,-2.3855413,1.4181479,0.14395794,-0.9937574,0.43934932,-0.41106742,1.2020003,-0.65618699
2.0,-1.159981,1.8734848,0.76033475,0.24725831,-0.57158784,-2.7213826,-0.71552884,0.53892494,1.2971591,0.45542943
2.0,0.20545686,0.25031772,-0.53737577,-0.77508783,1.6532895,0.71542113,-1.5204457,0.32633308,1.1596126,-0.1884499
2.0,1.6943487,0.2402147,-0.31766761,0.039604418,1.5241639,-0.39137646,0.082538028,0.031671147,-0.27084584,1.36657
1.0,-0.90948789,0.39731221,0.0050174536,1.2581345,-0.31988287,-0.32648557,-0.1511591,-0.89072835,0.34274197,1.8270241
2.0,-0.3144413,-0.47554105,1.1017323,-1.8868678,-0.78659769,0.15466589,0.58178576,-1.8093745,0.97951925,-0.74458087
2.0,0.54496853,0.55616841,-0.11323892,0.4334612,-0.50721246,-1.1300231,-1.0100446,0.55752843,1.766568,0.87051943
